Task,Start,End
T_10ms,0,1
T_15ms,1,3
T_25ms,3,6
T_50ms,6,10
T_10ms,10,11
T_50ms,11,12
T_100ms,12,15
T_15ms,15,17
T_100ms,17,20
T_10ms,20,21
T_100ms,21,23
T_200ms,23,25
T_25ms,25,28
T_200ms,28,30
T_10ms,30,31
T_15ms,31,33
T_200ms,33,40
T_10ms,40,41
T_200ms,41,42
T_500ms,42,45
T_15ms,45,47
T_500ms,47,50
T_10ms,50,51
T_25ms,51,54
T_50ms,54,59
T_500ms,59,60
T_10ms,60,61
T_15ms,61,63
T_500ms,63,70
T_10ms,70,71
T_500ms,71,75
T_15ms,75,77
T_25ms,77,80
T_10ms,80,81
T_500ms,81,83
T_10ms,90,91
T_15ms,91,93
T_10ms,100,101
T_25ms,101,104
T_50ms,104,105
T_15ms,105,107
T_50ms,107,110
T_10ms,110,111
T_50ms,111,112
T_100ms,112,120
T_10ms,120,121
T_15ms,121,123
T_25ms,125,128
T_10ms,130,131
T_15ms,135,137
T_10ms,140,141
T_10ms,150,151
T_15ms,151,153
T_25ms,153,156
T_50ms,156,160
T_10ms,160,161
T_50ms,161,162
T_15ms,165,167
T_10ms,170,171
T_25ms,175,178
T_10ms,180,181
T_15ms,181,183
T_10ms,190,191
T_15ms,195,197
T_10ms,200,201
T_25ms,201,204
T_50ms,204,209
T_100ms,209,210
T_10ms,210,211
T_15ms,211,213
T_100ms,213,220
T_10ms,220,221
T_200ms,221,225
T_15ms,225,227
T_25ms,227,230
T_10ms,230,231
T_200ms,231,239
T_10ms,240,241
T_15ms,241,243
T_10ms,250,251
T_25ms,251,254
T_50ms,254,255
T_15ms,255,257
T_50ms,257,260
T_10ms,260,261
T_50ms,261,262
T_10ms,270,271
T_15ms,271,273
T_25ms,275,278
T_10ms,280,281
T_15ms,285,287
T_10ms,290,291
T_10ms,300,301
T_15ms,301,303
T_25ms,303,306
T_50ms,306,310
T_10ms,310,311
T_50ms,311,312
T_100ms,312,315
T_15ms,315,317
T_100ms,317,320
T_10ms,320,321
T_100ms,321,323
T_25ms,325,328
T_10ms,330,331
T_15ms,331,333
T_10ms,340,341
T_15ms,345,347
T_10ms,350,351
T_25ms,351,354
T_50ms,354,359
T_10ms,360,361
T_15ms,361,363
T_10ms,370,371
T_15ms,375,377
T_25ms,377,380
T_10ms,380,381
T_10ms,390,391
T_15ms,391,393
T_10ms,400,401
T_25ms,401,404
T_50ms,404,405
T_15ms,405,407
T_50ms,407,410
T_10ms,410,411
T_50ms,411,412
T_100ms,412,420
T_10ms,420,421
T_15ms,421,423
T_200ms,423,425
T_25ms,425,428
T_200ms,428,430
T_10ms,430,431
T_200ms,431,435
T_15ms,435,437
T_200ms,437,440
T_10ms,440,441
T_200ms,441,442
T_10ms,450,451
T_15ms,451,453
T_25ms,453,456
T_50ms,456,460
T_10ms,460,461
T_50ms,461,462
T_15ms,465,467
T_10ms,470,471
T_25ms,475,478
T_10ms,480,481
T_15ms,481,483
T_10ms,490,491
T_15ms,495,497
T_10ms,500,501
T_25ms,501,504
T_50ms,504,509
T_100ms,509,510
T_10ms,510,511
T_15ms,511,513
T_100ms,513,520
T_10ms,520,521
T_500ms,521,525
T_15ms,525,527
T_25ms,527,530
T_10ms,530,531
T_500ms,531,540
T_10ms,540,541
T_15ms,541,543
T_500ms,543,550
T_10ms,550,551
T_25ms,551,554
T_50ms,554,555
T_15ms,555,557
T_50ms,557,560
T_10ms,560,561
T_50ms,561,562
T_10ms,570,571
T_15ms,571,573
T_25ms,575,578
T_10ms,580,581
T_15ms,585,587
T_10ms,590,591
T_10ms,600,601
T_15ms,601,603
T_25ms,603,606
T_50ms,606,610
T_10ms,610,611
T_50ms,611,612
T_100ms,612,615
T_15ms,615,617
T_100ms,617,620
T_10ms,620,621
T_100ms,621,623
T_200ms,623,625
T_25ms,625,628
T_200ms,628,630
T_10ms,630,631
T_15ms,631,633
T_200ms,633,640
T_10ms,640,641
T_200ms,641,642
T_15ms,645,647
T_10ms,650,651
T_25ms,651,654
T_50ms,654,659
T_10ms,660,661
T_15ms,661,663
T_10ms,670,671
T_15ms,675,677
T_25ms,677,680
T_10ms,680,681
T_10ms,690,691
T_15ms,691,693
T_10ms,700,701
T_25ms,701,704
T_50ms,704,705
T_15ms,705,707
T_50ms,707,710
T_10ms,710,711
T_50ms,711,712
T_100ms,712,720
T_10ms,720,721
T_15ms,721,723
T_25ms,725,728
T_10ms,730,731
T_15ms,735,737
T_10ms,740,741
T_10ms,750,751
T_15ms,751,753
T_25ms,753,756
T_50ms,756,760
T_10ms,760,761
T_50ms,761,762
T_15ms,765,767
T_10ms,770,771
T_25ms,775,778
T_10ms,780,781
T_15ms,781,783
T_10ms,790,791
T_15ms,795,797
T_10ms,800,801
T_25ms,801,804
T_50ms,804,809
T_100ms,809,810
T_10ms,810,811
T_15ms,811,813
T_100ms,813,820
T_10ms,820,821
T_200ms,821,825
T_15ms,825,827
T_25ms,827,830
T_10ms,830,831
T_200ms,831,839
T_10ms,840,841
T_15ms,841,843
T_10ms,850,851
T_25ms,851,854
T_50ms,854,855
T_15ms,855,857
T_50ms,857,860
T_10ms,860,861
T_50ms,861,862
T_10ms,870,871
T_15ms,871,873
T_25ms,875,878
T_10ms,880,881
T_15ms,885,887
T_10ms,890,891
T_10ms,900,901
T_15ms,901,903
T_25ms,903,906
T_50ms,906,910
T_10ms,910,911
T_50ms,911,912
T_100ms,912,915
T_15ms,915,917
T_100ms,917,920
T_10ms,920,921
T_100ms,921,923
T_25ms,925,928
T_10ms,930,931
T_15ms,931,933
T_10ms,940,941
T_15ms,945,947
T_10ms,950,951
T_25ms,951,954
T_50ms,954,959
T_10ms,960,961
T_15ms,961,963
T_10ms,970,971
T_15ms,975,977
T_25ms,977,980
T_10ms,980,981
T_10ms,990,991
T_15ms,991,993
T_10ms,1000,1001
T_25ms,1001,1004
T_50ms,1004,1005
T_15ms,1005,1007
T_50ms,1007,1010
T_10ms,1010,1011
T_50ms,1011,1012
T_100ms,1012,1020
T_10ms,1020,1021
T_15ms,1021,1023
T_200ms,1023,1025
T_25ms,1025,1028
T_200ms,1028,1030
T_10ms,1030,1031
T_200ms,1031,1035
T_15ms,1035,1037
T_200ms,1037,1040
T_10ms,1040,1041
T_200ms,1041,1042
T_500ms,1042,1050
T_10ms,1050,1051
T_15ms,1051,1053
T_25ms,1053,1056
T_50ms,1056,1060
T_10ms,1060,1061
T_50ms,1061,1062
T_500ms,1062,1065
T_15ms,1065,1067
T_500ms,1067,1070
T_10ms,1070,1071
T_500ms,1071,1075
T_25ms,1075,1078
T_500ms,1078,1080
T_10ms,1080,1081
T_15ms,1081,1083
T_10ms,1090,1091
T_15ms,1095,1097
T_10ms,1100,1101
T_25ms,1101,1104
T_50ms,1104,1109
T_100ms,1109,1110
T_10ms,1110,1111
T_15ms,1111,1113
T_100ms,1113,1120
T_10ms,1120,1121
T_15ms,1125,1127
T_25ms,1127,1130
T_10ms,1130,1131
T_10ms,1140,1141
T_15ms,1141,1143
T_10ms,1150,1151
T_25ms,1151,1154
T_50ms,1154,1155
T_15ms,1155,1157
T_50ms,1157,1160
T_10ms,1160,1161
T_50ms,1161,1162
T_10ms,1170,1171
T_15ms,1171,1173
T_25ms,1175,1178
T_10ms,1180,1181
T_15ms,1185,1187
T_10ms,1190,1191
T_10ms,1200,1201
T_15ms,1201,1203
T_25ms,1203,1206
T_50ms,1206,1210
T_10ms,1210,1211
T_50ms,1211,1212
T_100ms,1212,1215
T_15ms,1215,1217
T_100ms,1217,1220
T_10ms,1220,1221
T_100ms,1221,1223
T_200ms,1223,1225
T_25ms,1225,1228
T_200ms,1228,1230
T_10ms,1230,1231
T_15ms,1231,1233
T_200ms,1233,1240
T_10ms,1240,1241
T_200ms,1241,1242
T_15ms,1245,1247
T_10ms,1250,1251
T_25ms,1251,1254
T_50ms,1254,1259
T_10ms,1260,1261
T_15ms,1261,1263
T_10ms,1270,1271
T_15ms,1275,1277
T_25ms,1277,1280
T_10ms,1280,1281
T_10ms,1290,1291
T_15ms,1291,1293
T_10ms,1300,1301
T_25ms,1301,1304
T_50ms,1304,1305
T_15ms,1305,1307
T_50ms,1307,1310
T_10ms,1310,1311
T_50ms,1311,1312
T_100ms,1312,1320
T_10ms,1320,1321
T_15ms,1321,1323
T_25ms,1325,1328
T_10ms,1330,1331
T_15ms,1335,1337
T_10ms,1340,1341
T_10ms,1350,1351
T_15ms,1351,1353
T_25ms,1353,1356
T_50ms,1356,1360
T_10ms,1360,1361
T_50ms,1361,1362
T_15ms,1365,1367
T_10ms,1370,1371
T_25ms,1375,1378
T_10ms,1380,1381
T_15ms,1381,1383
T_10ms,1390,1391
T_15ms,1395,1397
T_10ms,1400,1401
T_25ms,1401,1404
T_50ms,1404,1409
T_100ms,1409,1410
T_10ms,1410,1411
T_15ms,1411,1413
T_100ms,1413,1420
T_10ms,1420,1421
T_200ms,1421,1425
T_15ms,1425,1427
T_25ms,1427,1430
T_10ms,1430,1431
T_200ms,1431,1439
T_10ms,1440,1441
T_15ms,1441,1443
T_10ms,1450,1451
T_25ms,1451,1454
T_50ms,1454,1455
T_15ms,1455,1457
T_50ms,1457,1460
T_10ms,1460,1461
T_50ms,1461,1462
T_10ms,1470,1471
T_15ms,1471,1473
T_25ms,1475,1478
T_10ms,1480,1481
T_15ms,1485,1487
T_10ms,1490,1491
T_10ms,1500,1501
T_15ms,1501,1503
T_25ms,1503,1506
T_50ms,1506,1510
T_10ms,1510,1511
T_50ms,1511,1512
T_100ms,1512,1515
T_15ms,1515,1517
T_100ms,1517,1520
T_10ms,1520,1521
T_100ms,1521,1523
T_500ms,1523,1525
T_25ms,1525,1528
T_500ms,1528,1530
T_10ms,1530,1531
T_15ms,1531,1533
T_500ms,1533,1540
T_10ms,1540,1541
T_500ms,1541,1545
T_15ms,1545,1547
T_500ms,1547,1550
T_10ms,1550,1551
T_25ms,1551,1554
T_50ms,1554,1559
T_500ms,1559,1560
T_10ms,1560,1561
T_15ms,1561,1563
T_500ms,1563,1564
T_10ms,1570,1571
T_15ms,1575,1577
T_25ms,1577,1580
T_10ms,1580,1581
T_10ms,1590,1591
T_15ms,1591,1593
T_10ms,1600,1601
T_25ms,1601,1604
T_50ms,1604,1605
T_15ms,1605,1607
T_50ms,1607,1610
T_10ms,1610,1611
T_50ms,1611,1612
T_100ms,1612,1620
T_10ms,1620,1621
T_15ms,1621,1623
T_200ms,1623,1625
T_25ms,1625,1628
T_200ms,1628,1630
T_10ms,1630,1631
T_200ms,1631,1635
T_15ms,1635,1637
T_200ms,1637,1640
T_10ms,1640,1641
T_200ms,1641,1642
T_10ms,1650,1651
T_15ms,1651,1653
T_25ms,1653,1656
T_50ms,1656,1660
T_10ms,1660,1661
T_50ms,1661,1662
T_15ms,1665,1667
T_10ms,1670,1671
T_25ms,1675,1678
T_10ms,1680,1681
T_15ms,1681,1683
T_10ms,1690,1691
T_15ms,1695,1697
T_10ms,1700,1701
T_25ms,1701,1704
T_50ms,1704,1709
T_100ms,1709,1710
T_10ms,1710,1711
T_15ms,1711,1713
T_100ms,1713,1720
T_10ms,1720,1721
T_15ms,1725,1727
T_25ms,1727,1730
T_10ms,1730,1731
T_10ms,1740,1741
T_15ms,1741,1743
T_10ms,1750,1751
T_25ms,1751,1754
T_50ms,1754,1755
T_15ms,1755,1757
T_50ms,1757,1760
T_10ms,1760,1761
T_50ms,1761,1762
T_10ms,1770,1771
T_15ms,1771,1773
T_25ms,1775,1778
T_10ms,1780,1781
T_15ms,1785,1787
T_10ms,1790,1791
T_10ms,1800,1801
T_15ms,1801,1803
T_25ms,1803,1806
T_50ms,1806,1810
T_10ms,1810,1811
T_50ms,1811,1812
T_100ms,1812,1815
T_15ms,1815,1817
T_100ms,1817,1820
T_10ms,1820,1821
T_100ms,1821,1823
T_200ms,1823,1825
T_25ms,1825,1828
T_200ms,1828,1830
T_10ms,1830,1831
T_15ms,1831,1833
T_200ms,1833,1840
T_10ms,1840,1841
T_200ms,1841,1842
T_15ms,1845,1847
T_10ms,1850,1851
T_25ms,1851,1854
T_50ms,1854,1859
T_10ms,1860,1861
T_15ms,1861,1863
T_10ms,1870,1871
T_15ms,1875,1877
T_25ms,1877,1880
T_10ms,1880,1881
T_10ms,1890,1891
T_15ms,1891,1893
T_10ms,1900,1901
T_25ms,1901,1904
T_50ms,1904,1905
T_15ms,1905,1907
T_50ms,1907,1910
T_10ms,1910,1911
T_50ms,1911,1912
T_100ms,1912,1920
T_10ms,1920,1921
T_15ms,1921,1923
T_25ms,1925,1928
T_10ms,1930,1931
T_15ms,1935,1937
T_10ms,1940,1941
T_10ms,1950,1951
T_15ms,1951,1953
T_25ms,1953,1956
T_50ms,1956,1960
T_10ms,1960,1961
T_50ms,1961,1962
T_15ms,1965,1967
T_10ms,1970,1971
T_25ms,1975,1978
T_10ms,1980,1981
T_15ms,1981,1983
T_10ms,1990,1991
T_15ms,1995,1997
T_10ms,2000,2001
T_25ms,2001,2004
T_50ms,2004,2009
T_100ms,2009,2010
T_10ms,2010,2011
T_15ms,2011,2013
T_100ms,2013,2020
T_10ms,2020,2021
T_200ms,2021,2025
T_15ms,2025,2027
T_25ms,2027,2030
T_10ms,2030,2031
T_200ms,2031,2039
T_500ms,2039,2040
T_10ms,2040,2041
T_15ms,2041,2043
T_500ms,2043,2050
T_10ms,2050,2051
T_25ms,2051,2054
T_50ms,2054,2055
T_15ms,2055,2057
T_50ms,2057,2060
T_10ms,2060,2061
T_50ms,2061,2062
T_500ms,2062,2070
T_10ms,2070,2071
T_15ms,2071,2073
T_500ms,2073,2075
T_25ms,2075,2078
T_500ms,2078,2080
T_10ms,2080,2081
T_15ms,2085,2087
T_10ms,2090,2091
T_10ms,2100,2101
T_15ms,2101,2103
T_25ms,2103,2106
T_50ms,2106,2110
T_10ms,2110,2111
T_50ms,2111,2112
T_100ms,2112,2115
T_15ms,2115,2117
T_100ms,2117,2120
T_10ms,2120,2121
T_100ms,2121,2123
T_25ms,2125,2128
T_10ms,2130,2131
T_15ms,2131,2133
T_10ms,2140,2141
T_15ms,2145,2147
T_10ms,2150,2151
T_25ms,2151,2154
T_50ms,2154,2159
T_10ms,2160,2161
T_15ms,2161,2163
T_10ms,2170,2171
T_15ms,2175,2177
T_25ms,2177,2180
T_10ms,2180,2181
T_10ms,2190,2191
T_15ms,2191,2193
T_10ms,2200,2201
T_25ms,2201,2204
T_50ms,2204,2205
T_15ms,2205,2207
T_50ms,2207,2210
T_10ms,2210,2211
T_50ms,2211,2212
T_100ms,2212,2220
T_10ms,2220,2221
T_15ms,2221,2223
T_200ms,2223,2225
T_25ms,2225,2228
T_200ms,2228,2230
T_10ms,2230,2231
T_200ms,2231,2235
T_15ms,2235,2237
T_200ms,2237,2240
T_10ms,2240,2241
T_200ms,2241,2242
T_10ms,2250,2251
T_15ms,2251,2253
T_25ms,2253,2256
T_50ms,2256,2260
T_10ms,2260,2261
T_50ms,2261,2262
T_15ms,2265,2267
T_10ms,2270,2271
T_25ms,2275,2278
T_10ms,2280,2281
T_15ms,2281,2283
T_10ms,2290,2291
T_15ms,2295,2297
T_10ms,2300,2301
T_25ms,2301,2304
T_50ms,2304,2309
T_100ms,2309,2310
T_10ms,2310,2311
T_15ms,2311,2313
T_100ms,2313,2320
T_10ms,2320,2321
T_15ms,2325,2327
T_25ms,2327,2330
T_10ms,2330,2331
T_10ms,2340,2341
T_15ms,2341,2343
T_10ms,2350,2351
T_25ms,2351,2354
T_50ms,2354,2355
T_15ms,2355,2357
T_50ms,2357,2360
T_10ms,2360,2361
T_50ms,2361,2362
T_10ms,2370,2371
T_15ms,2371,2373
T_25ms,2375,2378
T_10ms,2380,2381
T_15ms,2385,2387
T_10ms,2390,2391
T_10ms,2400,2401
T_15ms,2401,2403
T_25ms,2403,2406
T_50ms,2406,2410
T_10ms,2410,2411
T_50ms,2411,2412
T_100ms,2412,2415
T_15ms,2415,2417
T_100ms,2417,2420
T_10ms,2420,2421
T_100ms,2421,2423
T_200ms,2423,2425
T_25ms,2425,2428
T_200ms,2428,2430
T_10ms,2430,2431
T_15ms,2431,2433
T_200ms,2433,2440
T_10ms,2440,2441
T_200ms,2441,2442
T_15ms,2445,2447
T_10ms,2450,2451
T_25ms,2451,2454
T_50ms,2454,2459
T_10ms,2460,2461
T_15ms,2461,2463
T_10ms,2470,2471
T_15ms,2475,2477
T_25ms,2477,2480
T_10ms,2480,2481
T_10ms,2490,2491
T_15ms,2491,2493
T_10ms,2500,2501
T_25ms,2501,2504
T_50ms,2504,2505
T_15ms,2505,2507
T_50ms,2507,2510
T_10ms,2510,2511
T_50ms,2511,2512
T_100ms,2512,2520
T_10ms,2520,2521
T_15ms,2521,2523
T_500ms,2523,2525
T_25ms,2525,2528
T_500ms,2528,2530
T_10ms,2530,2531
T_500ms,2531,2535
T_15ms,2535,2537
T_500ms,2537,2540
T_10ms,2540,2541
T_500ms,2541,2550
T_10ms,2550,2551
T_15ms,2551,2553
T_25ms,2553,2556
T_50ms,2556,2560
T_10ms,2560,2561
T_50ms,2561,2562
T_15ms,2565,2567
T_10ms,2570,2571
T_25ms,2575,2578
T_10ms,2580,2581
T_15ms,2581,2583
T_10ms,2590,2591
T_15ms,2595,2597
T_10ms,2600,2601
T_25ms,2601,2604
T_50ms,2604,2609
T_100ms,2609,2610
T_10ms,2610,2611
T_15ms,2611,2613
T_100ms,2613,2620
T_10ms,2620,2621
T_200ms,2621,2625
T_15ms,2625,2627
T_25ms,2627,2630
T_10ms,2630,2631
T_200ms,2631,2639
T_10ms,2640,2641
T_15ms,2641,2643
T_10ms,2650,2651
T_25ms,2651,2654
T_50ms,2654,2655
T_15ms,2655,2657
T_50ms,2657,2660
T_10ms,2660,2661
T_50ms,2661,2662
T_10ms,2670,2671
T_15ms,2671,2673
T_25ms,2675,2678
T_10ms,2680,2681
T_15ms,2685,2687
T_10ms,2690,2691
T_10ms,2700,2701
T_15ms,2701,2703
T_25ms,2703,2706
T_50ms,2706,2710
T_10ms,2710,2711
T_50ms,2711,2712
T_100ms,2712,2715
T_15ms,2715,2717
T_100ms,2717,2720
T_10ms,2720,2721
T_100ms,2721,2723
T_25ms,2725,2728
T_10ms,2730,2731
T_15ms,2731,2733
T_10ms,2740,2741
T_15ms,2745,2747
T_10ms,2750,2751
T_25ms,2751,2754
T_50ms,2754,2759
T_10ms,2760,2761
T_15ms,2761,2763
T_10ms,2770,2771
T_15ms,2775,2777
T_25ms,2777,2780
T_10ms,2780,2781
T_10ms,2790,2791
T_15ms,2791,2793
T_10ms,2800,2801
T_25ms,2801,2804
T_50ms,2804,2805
T_15ms,2805,2807
T_50ms,2807,2810
T_10ms,2810,2811
T_50ms,2811,2812
T_100ms,2812,2820
T_10ms,2820,2821
T_15ms,2821,2823
T_200ms,2823,2825
T_25ms,2825,2828
T_200ms,2828,2830
T_10ms,2830,2831
T_200ms,2831,2835
T_15ms,2835,2837
T_200ms,2837,2840
T_10ms,2840,2841
T_200ms,2841,2842
T_10ms,2850,2851
T_15ms,2851,2853
T_25ms,2853,2856
T_50ms,2856,2860
T_10ms,2860,2861
T_50ms,2861,2862
T_15ms,2865,2867
T_10ms,2870,2871
T_25ms,2875,2878
T_10ms,2880,2881
T_15ms,2881,2883
T_10ms,2890,2891
T_15ms,2895,2897
T_10ms,2900,2901
T_25ms,2901,2904
T_50ms,2904,2909
T_100ms,2909,2910
T_10ms,2910,2911
T_15ms,2911,2913
T_100ms,2913,2920
T_10ms,2920,2921
T_15ms,2925,2927
T_25ms,2927,2930
T_10ms,2930,2931
T_10ms,2940,2941
T_15ms,2941,2943
T_10ms,2950,2951
T_25ms,2951,2954
T_50ms,2954,2955
T_15ms,2955,2957
T_50ms,2957,2960
T_10ms,2960,2961
T_50ms,2961,2962
T_10ms,2970,2971
T_15ms,2971,2973
T_25ms,2975,2978
T_10ms,2980,2981
T_15ms,2985,2987
T_10ms,2990,2991
